insert into queries values ('29877693-64e9-4137-b807-83bd7e173bfb','SC','50','12345','high blood pressure','2016-07-21 05:55:10.108561');
insert into queries values ('780de064-0faf-42bd-9690-8b4217907e7b','FL','60','99999','diabetes','2016-07-21 05:56:16.061868');
insert into clicks values ('29877693-64e9-4137-b807-83bd7e173bfb','9962','2016-07-21 05:55:32.756673');
insert into clicks values ('29877693-64e9-4137-b807-83bd7e173bfb','9976','2016-07-21 05:55:35.593141');
insert into clicks values ('29877693-64e9-4137-b807-83bd7e173bfb','1063','2016-07-21 05:55:39.40232');
insert into clicks values ('29877693-64e9-4137-b807-83bd7e173bfb','8500','2016-07-21 05:55:57.582243');
insert into clicks values ('780de064-0faf-42bd-9690-8b4217907e7b','7830','2016-07-21 05:56:23.737326');
insert into clicks values ('780de064-0faf-42bd-9690-8b4217907e7b','4720','2016-07-21 05:56:38.045305');
insert into clicks values ('780de064-0faf-42bd-9690-8b4217907e7b','7821','2016-07-21 05:56:40.556035');
insert into ranks values ('29877693-64e9-4137-b807-83bd7e173bfb','1249','1','2016-07-21 05:55:11.950646');
insert into ranks values ('29877693-64e9-4137-b807-83bd7e173bfb','855','1','2016-07-21 05:55:11.985851');
insert into ranks values ('29877693-64e9-4137-b807-83bd7e173bfb','948','1','2016-07-21 05:55:12.013161');
insert into ranks values ('29877693-64e9-4137-b807-83bd7e173bfb','2415','1','2016-07-21 05:55:12.041341');
insert into ranks values ('29877693-64e9-4137-b807-83bd7e173bfb','3436','1','2016-07-21 05:55:12.089413');
insert into ranks values ('29877693-64e9-4137-b807-83bd7e173bfb','3071','1','2016-07-21 05:55:12.12677');
insert into ranks values ('29877693-64e9-4137-b807-83bd7e173bfb','3141','1','2016-07-21 05:55:12.157491');
insert into ranks values ('29877693-64e9-4137-b807-83bd7e173bfb','2658','1','2016-07-21 05:55:12.21073');
insert into ranks values ('29877693-64e9-4137-b807-83bd7e173bfb','2787','1','2016-07-21 05:55:12.270306');
insert into ranks values ('29877693-64e9-4137-b807-83bd7e173bfb','2083','1','2016-07-21 05:55:12.33249');
insert into ranks values ('29877693-64e9-4137-b807-83bd7e173bfb','2246','1','2016-07-21 05:55:12.377079');
insert into ranks values ('29877693-64e9-4137-b807-83bd7e173bfb','2278','1','2016-07-21 05:55:12.404917');
insert into ranks values ('29877693-64e9-4137-b807-83bd7e173bfb','1866','1','2016-07-21 05:55:12.430299');
insert into ranks values ('29877693-64e9-4137-b807-83bd7e173bfb','1927','1','2016-07-21 05:55:12.468985');
insert into ranks values ('29877693-64e9-4137-b807-83bd7e173bfb','1959','1','2016-07-21 05:55:12.484534');
insert into ranks values ('29877693-64e9-4137-b807-83bd7e173bfb','3749','1','2016-07-21 05:55:12.503777');
insert into ranks values ('29877693-64e9-4137-b807-83bd7e173bfb','3755','1','2016-07-21 05:55:12.520653');
insert into ranks values ('29877693-64e9-4137-b807-83bd7e173bfb','1735','1','2016-07-21 05:55:12.54485');
insert into ranks values ('29877693-64e9-4137-b807-83bd7e173bfb','5123','1','2016-07-21 05:55:12.562921');
insert into ranks values ('29877693-64e9-4137-b807-83bd7e173bfb','5126','1','2016-07-21 05:55:12.579566');
insert into ranks values ('29877693-64e9-4137-b807-83bd7e173bfb','428','4.43979','2016-07-21 05:55:21.35005');
insert into ranks values ('29877693-64e9-4137-b807-83bd7e173bfb','4133','4.23106','2016-07-21 05:55:21.364159');
insert into ranks values ('29877693-64e9-4137-b807-83bd7e173bfb','683','3.46188','2016-07-21 05:55:21.386493');
insert into ranks values ('29877693-64e9-4137-b807-83bd7e173bfb','1063','3.45162','2016-07-21 05:55:21.396549');
insert into ranks values ('29877693-64e9-4137-b807-83bd7e173bfb','4149','3.36916','2016-07-21 05:55:21.415267');
insert into ranks values ('29877693-64e9-4137-b807-83bd7e173bfb','683','1.99668','2016-07-21 05:55:29.73885');
insert into ranks values ('29877693-64e9-4137-b807-83bd7e173bfb','1063','1.99412','2016-07-21 05:55:29.751124');
insert into ranks values ('29877693-64e9-4137-b807-83bd7e173bfb','428','1.00809','2016-07-21 05:55:29.761432');
insert into ranks values ('29877693-64e9-4137-b807-83bd7e173bfb','4133','0.918762','2016-07-21 05:55:29.773526');
insert into ranks values ('29877693-64e9-4137-b807-83bd7e173bfb','4149','0.742868','2016-07-21 05:55:29.784999');
insert into ranks values ('29877693-64e9-4137-b807-83bd7e173bfb','9962','2.94737','2016-07-21 05:55:29.798076');
insert into ranks values ('29877693-64e9-4137-b807-83bd7e173bfb','9976','2.94737','2016-07-21 05:55:29.816621');
insert into ranks values ('29877693-64e9-4137-b807-83bd7e173bfb','8500','0.00871236','2016-07-21 05:55:29.828341');
insert into ranks values ('29877693-64e9-4137-b807-83bd7e173bfb','3167','0.00840566','2016-07-21 05:55:29.841349');
insert into ranks values ('29877693-64e9-4137-b807-83bd7e173bfb','735','0.00767716','2016-07-21 05:55:29.852857');
insert into ranks values ('29877693-64e9-4137-b807-83bd7e173bfb','776','0.00767716','2016-07-21 05:55:29.871244');
insert into ranks values ('29877693-64e9-4137-b807-83bd7e173bfb','971','0.00767716','2016-07-21 05:55:29.885296');
insert into ranks values ('29877693-64e9-4137-b807-83bd7e173bfb','3462','0.00767716','2016-07-21 05:55:29.896748');
insert into ranks values ('29877693-64e9-4137-b807-83bd7e173bfb','3593','0.00767716','2016-07-21 05:55:29.910639');
insert into ranks values ('29877693-64e9-4137-b807-83bd7e173bfb','4607','0.00767716','2016-07-21 05:55:29.924129');
insert into ranks values ('29877693-64e9-4137-b807-83bd7e173bfb','4206','0.00767716','2016-07-21 05:55:29.938008');
insert into ranks values ('29877693-64e9-4137-b807-83bd7e173bfb','4316','0.00767716','2016-07-21 05:55:29.951263');
insert into ranks values ('29877693-64e9-4137-b807-83bd7e173bfb','6726','0.00767716','2016-07-21 05:55:29.964882');
insert into ranks values ('29877693-64e9-4137-b807-83bd7e173bfb','1249','0.00616057','2016-07-21 05:55:29.979381');
insert into ranks values ('29877693-64e9-4137-b807-83bd7e173bfb','3071','0.00616057','2016-07-21 05:55:29.993904');
insert into ranks values ('29877693-64e9-4137-b807-83bd7e173bfb','8500','5.55069','2016-07-21 05:55:51.142331');
insert into ranks values ('780de064-0faf-42bd-9690-8b4217907e7b','1451','1','2016-07-21 05:56:17.597642');
insert into ranks values ('780de064-0faf-42bd-9690-8b4217907e7b','1614','1','2016-07-21 05:56:17.622089');
insert into ranks values ('780de064-0faf-42bd-9690-8b4217907e7b','1136','1','2016-07-21 05:56:17.643638');
insert into ranks values ('780de064-0faf-42bd-9690-8b4217907e7b','3340','1','2016-07-21 05:56:17.661288');
insert into ranks values ('780de064-0faf-42bd-9690-8b4217907e7b','3525','1','2016-07-21 05:56:17.676741');
insert into ranks values ('780de064-0faf-42bd-9690-8b4217907e7b','3529','1','2016-07-21 05:56:17.69897');
insert into ranks values ('780de064-0faf-42bd-9690-8b4217907e7b','3568','1','2016-07-21 05:56:17.723457');
insert into ranks values ('780de064-0faf-42bd-9690-8b4217907e7b','2127','1','2016-07-21 05:56:17.758234');
insert into ranks values ('780de064-0faf-42bd-9690-8b4217907e7b','3697','1','2016-07-21 05:56:17.775693');
insert into ranks values ('780de064-0faf-42bd-9690-8b4217907e7b','5219','1','2016-07-21 05:56:17.798051');
insert into ranks values ('780de064-0faf-42bd-9690-8b4217907e7b','4720','1','2016-07-21 05:56:17.821615');
insert into ranks values ('780de064-0faf-42bd-9690-8b4217907e7b','4958','1','2016-07-21 05:56:17.836662');
insert into ranks values ('780de064-0faf-42bd-9690-8b4217907e7b','4214','1','2016-07-21 05:56:17.87392');
insert into ranks values ('780de064-0faf-42bd-9690-8b4217907e7b','4256','1','2016-07-21 05:56:17.897012');
insert into ranks values ('780de064-0faf-42bd-9690-8b4217907e7b','7639','1','2016-07-21 05:56:17.913755');
insert into ranks values ('780de064-0faf-42bd-9690-8b4217907e7b','7821','1','2016-07-21 05:56:17.956419');
insert into ranks values ('780de064-0faf-42bd-9690-8b4217907e7b','7830','1','2016-07-21 05:56:17.992682');
insert into ranks values ('780de064-0faf-42bd-9690-8b4217907e7b','8012','1','2016-07-21 05:56:18.02518');
insert into ranks values ('780de064-0faf-42bd-9690-8b4217907e7b','8076','1','2016-07-21 05:56:18.039262');
insert into ranks values ('780de064-0faf-42bd-9690-8b4217907e7b','8735','1','2016-07-21 05:56:18.050535');
insert into ranks values ('780de064-0faf-42bd-9690-8b4217907e7b','1451','2.39842','2016-07-21 05:56:30.532461');
insert into ranks values ('780de064-0faf-42bd-9690-8b4217907e7b','4720','0.0120102','2016-07-21 05:56:30.54974');
insert into ranks values ('780de064-0faf-42bd-9690-8b4217907e7b','7639','0.0120102','2016-07-21 05:56:30.560051');
insert into ranks values ('780de064-0faf-42bd-9690-8b4217907e7b','7821','0.0120102','2016-07-21 05:56:30.576069');
insert into ranks values ('780de064-0faf-42bd-9690-8b4217907e7b','6354','0.0120102','2016-07-21 05:56:30.600013');
insert into ranks values ('780de064-0faf-42bd-9690-8b4217907e7b','9623','0.0120102','2016-07-21 05:56:30.61101');
insert into ranks values ('780de064-0faf-42bd-9690-8b4217907e7b','155','0.00872614','2016-07-21 05:56:30.621914');
insert into ranks values ('780de064-0faf-42bd-9690-8b4217907e7b','5326','0.00872614','2016-07-21 05:56:30.631585');
insert into ranks values ('780de064-0faf-42bd-9690-8b4217907e7b','5395','0.00872614','2016-07-21 05:56:30.641623');
insert into ranks values ('780de064-0faf-42bd-9690-8b4217907e7b','5405','0.00872614','2016-07-21 05:56:30.655339');
insert into ranks values ('780de064-0faf-42bd-9690-8b4217907e7b','7021','0.00872614','2016-07-21 05:56:30.670526');
insert into ranks values ('780de064-0faf-42bd-9690-8b4217907e7b','7446','0.00872614','2016-07-21 05:56:30.683451');
insert into ranks values ('780de064-0faf-42bd-9690-8b4217907e7b','1485','0.00852014','2016-07-21 05:56:30.69673');
insert into ranks values ('780de064-0faf-42bd-9690-8b4217907e7b','2196','0.00852014','2016-07-21 05:56:30.705652');
insert into ranks values ('780de064-0faf-42bd-9690-8b4217907e7b','4760','0.00852014','2016-07-21 05:56:30.716017');
insert into ranks values ('780de064-0faf-42bd-9690-8b4217907e7b','7443','0.00852014','2016-07-21 05:56:30.727139');
insert into ranks values ('780de064-0faf-42bd-9690-8b4217907e7b','6412','0.00852014','2016-07-21 05:56:30.736151');
insert into ranks values ('780de064-0faf-42bd-9690-8b4217907e7b','9304','0.00852014','2016-07-21 05:56:30.758195');
insert into ranks values ('780de064-0faf-42bd-9690-8b4217907e7b','9929','0.00852014','2016-07-21 05:56:30.770584');
insert into ranks values ('780de064-0faf-42bd-9690-8b4217907e7b','1679','0.0084511','2016-07-21 05:56:30.780412');
